{
    "Loss": 10.676596641540527,
    "Accuracy": 0.5467625856399536,
    "Timestamp": "2025-09-04 13:50:21"
}