{
    "Loss": 10.74554443359375,
    "Accuracy": 0.5035971403121948
}